order_id,product,quantity_tonnes,destination_id,destination_city,distance_km,order_date,deadline,deadline_days,priority,order_type,estimated_freight,penalty_per_day,status
ORD1000,Structurals,517.4,CMO02,Mumbai,1800,2024-02-11,2024-02-21,10,Low,Rail,1117584.0,5000,Pending
ORD1001,Plate,1027.14,CMO02,Mumbai,1800,2024-06-24,2024-07-02,8,Low,Rail,2218622.4,5000,Pending
ORD1002,HR Coil,394.51,CMO07,Pune,1750,2024-03-21,2024-03-30,9,High,Road,828471.0,30000,Pending
ORD1003,Structurals,649.15,CMO03,Chennai,2100,2024-02-24,2024-03-08,13,Low,Rail,1635858.0,5000,Pending
ORD1004,CR Coil,919.49,CMO03,Chennai,2100,2024-02-05,2024-02-11,6,Medium,Road,2317114.8,15000,Pending
ORD1005,Wire Rod,341.25,CMO05,Hyderabad,1600,2024-04-12,2024-04-20,8,Low,Rail,655200.0,5000,Pending
ORD1006,HR Coil,268.13,CMO07,Pune,1750,2024-01-13,2024-01-17,4,High,Rail,563073.0,30000,Pending
ORD1007,Plate,755.48,CMO01,Delhi,1200,2024-04-08,2024-04-17,9,Medium,Rail,1087891.2,15000,Pending
ORD1008,Plate,892.79,CMO07,Pune,1750,2024-01-03,2024-01-16,13,Medium,Rail,1874859.0,15000,Pending
ORD1009,TMT Bar,222.71,CMO07,Pune,1750,2024-06-13,2024-06-21,8,Medium,Rail,467691.0,15000,Pending
ORD1010,Structurals,938.16,CMO06,Ahmedabad,1900,2024-03-08,2024-03-19,11,Medium,Rail,2139004.8,15000,Pending
ORD1011,Structurals,769.87,CMO03,Chennai,2100,2024-06-12,2024-06-23,11,High,Road,1940072.4,30000,Pending
ORD1012,Plate,758.84,CMO07,Pune,1750,2024-05-15,2024-05-18,3,Medium,Rail,1593564.0,15000,Pending
ORD1013,TMT Bar,163.72,CMO07,Pune,1750,2024-03-19,2024-03-25,6,Low,Road,343812.0,5000,Pending
ORD1014,HR Coil,1175.78,CMO06,Ahmedabad,1900,2024-05-04,2024-05-08,4,Medium,Rail,2680778.4,15000,Pending
ORD1015,Structurals,391.56,CMO04,Kolkata,350,2024-05-20,2024-05-25,5,Low,Rail,164455.2,5000,Pending
ORD1016,CR Coil,884.24,CMO05,Hyderabad,1600,2024-06-25,2024-07-01,6,Medium,Rail,1697740.8,15000,Pending
ORD1017,TMT Bar,233.1,CMO04,Kolkata,350,2024-05-12,2024-05-22,10,High,Rail,97902.0,30000,Pending
ORD1018,Plate,342.24,CMO05,Hyderabad,1600,2024-02-28,2024-03-11,12,Critical,Rail,657100.8,50000,Dispatched
ORD1019,CR Coil,177.94,CMO01,Delhi,1200,2024-01-09,2024-01-17,8,High,Rail,256233.6,30000,Pending
ORD1020,CR Coil,1129.07,CMO05,Hyderabad,1600,2024-02-03,2024-02-17,14,Medium,Rail,2167814.4,15000,Pending
ORD1021,Semis,203.76,CMO04,Kolkata,350,2024-04-14,2024-04-20,6,Medium,Rail,85579.2,15000,Pending
ORD1022,Wire Rod,818.8,CMO04,Kolkata,350,2024-01-14,2024-01-27,13,Medium,Rail,343896.0,15000,Pending
ORD1023,Structurals,310.75,CMO03,Chennai,2100,2024-01-28,2024-02-03,6,Medium,Rail,783090.0,15000,Pending
ORD1024,CR Coil,1061.93,CMO03,Chennai,2100,2024-04-28,2024-05-04,6,Critical,Road,2676063.6,50000,Dispatched
ORD1025,Semis,817.36,CMO05,Hyderabad,1600,2024-01-26,2024-01-29,3,Medium,Rail,1569331.2,15000,Pending
ORD1026,HR Coil,547.06,CMO07,Pune,1750,2024-03-01,2024-03-06,5,Medium,Road,1148826.0,15000,Pending
ORD1027,HR Coil,1183.84,CMO02,Mumbai,1800,2024-04-07,2024-04-10,3,High,Road,2557094.4,30000,Pending
ORD1028,Wire Rod,1153.05,CMO03,Chennai,2100,2024-04-18,2024-05-02,14,Low,Rail,2905686.0,5000,Pending
ORD1029,Structurals,426.38,CMO04,Kolkata,350,2024-02-09,2024-02-15,6,Low,Rail,179079.6,5000,Pending
ORD1030,Plate,155.16,CMO01,Delhi,1200,2024-03-21,2024-03-24,3,Medium,Road,223430.4,15000,Pending
ORD1031,Plate,188.12,CMO02,Mumbai,1800,2024-01-15,2024-01-26,11,High,Rail,406339.2,30000,Pending
ORD1032,Structurals,231.88,CMO07,Pune,1750,2024-03-01,2024-03-10,9,Low,Rail,486948.0,5000,Pending
ORD1033,Plate,561.15,CMO01,Delhi,1200,2024-06-07,2024-06-11,4,Medium,Rail,808056.0,15000,Pending
ORD1034,TMT Bar,445.6,CMO02,Mumbai,1800,2024-06-20,2024-07-04,14,High,Rail,962496.0,30000,Pending
ORD1035,Structurals,1121.92,CMO03,Chennai,2100,2024-04-27,2024-05-05,8,Low,Rail,2827238.4,5000,Pending
ORD1036,Plate,691.4,CMO05,Hyderabad,1600,2024-01-26,2024-01-30,4,Medium,Rail,1327488.0,15000,Pending
ORD1037,TMT Bar,413.49,CMO01,Delhi,1200,2024-03-03,2024-03-11,8,Medium,Rail,595425.6,15000,Pending
ORD1038,TMT Bar,108.61,CMO05,Hyderabad,1600,2024-06-16,2024-06-27,11,Low,Rail,208531.2,5000,Pending
ORD1039,Structurals,226.97,CMO01,Delhi,1200,2024-02-04,2024-02-11,7,High,Rail,326836.8,30000,Pending
ORD1040,TMT Bar,889.37,CMO03,Chennai,2100,2024-06-03,2024-06-09,6,High,Rail,2241212.4,30000,Pending
ORD1041,TMT Bar,1095.87,CMO05,Hyderabad,1600,2024-05-05,2024-05-12,7,Low,Rail,2104070.4,5000,Pending
ORD1042,Wire Rod,103.9,CMO07,Pune,1750,2024-03-11,2024-03-14,3,Low,Rail,218190.0,5000,Pending
ORD1043,TMT Bar,876.23,CMO02,Mumbai,1800,2024-04-23,2024-05-04,11,Medium,Rail,1892656.8,15000,Pending
ORD1044,Structurals,1018.05,CMO02,Mumbai,1800,2024-05-19,2024-05-22,3,Medium,Rail,2198988.0,15000,Pending
ORD1045,CR Coil,1088.88,CMO01,Delhi,1200,2024-03-19,2024-03-27,8,Low,Road,1567987.2,5000,Pending
ORD1046,TMT Bar,833.63,CMO02,Mumbai,1800,2024-06-23,2024-06-29,6,Medium,Rail,1800640.8,15000,Pending
ORD1047,Semis,270.01,CMO04,Kolkata,350,2024-06-07,2024-06-21,14,Low,Road,113404.2,5000,Pending
ORD1048,Semis,127.26,CMO07,Pune,1750,2024-02-15,2024-02-24,9,Medium,Rail,267246.0,15000,Pending
ORD1049,Wire Rod,991.82,CMO07,Pune,1750,2024-06-20,2024-07-04,14,High,Road,2082822.0,30000,Pending
ORD1050,HR Coil,344.68,CMO04,Kolkata,350,2024-01-10,2024-01-20,10,Low,Rail,144765.6,5000,Pending
ORD1051,TMT Bar,126.03,CMO07,Pune,1750,2024-02-28,2024-03-05,6,High,Rail,264663.0,30000,Pending
ORD1052,Semis,805.63,CMO01,Delhi,1200,2024-03-12,2024-03-20,8,Medium,Road,1160107.2,15000,Pending
ORD1053,Plate,1064.74,CMO03,Chennai,2100,2024-01-08,2024-01-12,4,High,Rail,2683144.8,30000,Dispatched
ORD1054,TMT Bar,578.02,CMO01,Delhi,1200,2024-01-28,2024-02-09,12,Medium,Rail,832348.8,15000,Pending
ORD1055,Plate,1089.46,CMO05,Hyderabad,1600,2024-01-30,2024-02-08,9,High,Rail,2091763.2,30000,Dispatched
ORD1056,Wire Rod,692.3,CMO01,Delhi,1200,2024-05-13,2024-05-28,15,Medium,Road,996912.0,15000,Pending
ORD1057,Structurals,176.97,CMO02,Mumbai,1800,2024-04-03,2024-04-12,9,Medium,Rail,382255.2,15000,Pending
ORD1058,TMT Bar,1090.05,CMO06,Ahmedabad,1900,2024-02-01,2024-02-15,14,Medium,Rail,2485314.0,15000,Pending
ORD1059,TMT Bar,709.85,CMO04,Kolkata,350,2024-06-27,2024-07-04,7,High,Rail,298137.0,30000,Pending
ORD1060,Wire Rod,726.02,CMO06,Ahmedabad,1900,2024-02-14,2024-02-26,12,Medium,Road,1655325.6,15000,Pending
ORD1061,TMT Bar,964.33,CMO03,Chennai,2100,2024-02-23,2024-03-03,9,Medium,Rail,2430111.6,15000,Pending
ORD1062,Wire Rod,662.29,CMO04,Kolkata,350,2024-06-21,2024-06-27,6,Low,Road,278161.8,5000,Pending
ORD1063,Structurals,412.17,CMO02,Mumbai,1800,2024-06-17,2024-06-21,4,Medium,Rail,890287.2,15000,Pending
ORD1064,HR Coil,441.46,CMO07,Pune,1750,2024-03-01,2024-03-14,13,Low,Rail,927066.0,5000,Pending
ORD1065,HR Coil,1034.71,CMO02,Mumbai,1800,2024-05-01,2024-05-13,12,Critical,Rail,2234973.6,50000,Dispatched
ORD1066,Structurals,865.99,CMO05,Hyderabad,1600,2024-02-19,2024-03-04,14,Medium,Rail,1662700.8,15000,Pending
ORD1067,Structurals,1046.48,CMO06,Ahmedabad,1900,2024-01-02,2024-01-17,15,Low,Road,2385974.4,5000,Pending
ORD1068,CR Coil,611.0,CMO02,Mumbai,1800,2024-06-27,2024-07-08,11,Medium,Road,1319760.0,15000,Pending
ORD1069,HR Coil,611.11,CMO04,Kolkata,350,2024-02-04,2024-02-19,15,Medium,Rail,256666.2,15000,Pending
ORD1070,TMT Bar,996.51,CMO07,Pune,1750,2024-04-23,2024-05-05,12,Low,Rail,2092671.0,5000,Pending
ORD1071,Plate,1047.64,CMO04,Kolkata,350,2024-02-10,2024-02-24,14,Medium,Road,440008.8,15000,Pending
ORD1072,Semis,955.44,CMO06,Ahmedabad,1900,2024-03-11,2024-03-26,15,Medium,Rail,2178403.2,15000,Pending
ORD1073,Wire Rod,398.89,CMO01,Delhi,1200,2024-03-14,2024-03-20,6,High,Rail,574401.6,30000,Pending
ORD1074,CR Coil,863.34,CMO02,Mumbai,1800,2024-02-29,2024-03-09,9,Medium,Rail,1864814.4,15000,Pending
ORD1075,Wire Rod,557.35,CMO03,Chennai,2100,2024-05-18,2024-05-28,10,High,Rail,1404522.0,30000,Pending
ORD1076,Semis,1042.41,CMO05,Hyderabad,1600,2024-06-27,2024-06-30,3,Low,Rail,2001427.2,5000,Pending
ORD1077,HR Coil,528.99,CMO03,Chennai,2100,2024-03-17,2024-04-01,15,Low,Road,1333054.8,5000,Pending
ORD1078,Plate,763.58,CMO06,Ahmedabad,1900,2024-05-19,2024-06-03,15,High,Rail,1740962.4,30000,Dispatched
ORD1079,Wire Rod,469.74,CMO04,Kolkata,350,2024-01-08,2024-01-17,9,Medium,Rail,197290.8,15000,Pending
ORD1080,CR Coil,1178.79,CMO07,Pune,1750,2024-04-29,2024-05-04,5,Medium,Road,2475459.0,15000,Pending
ORD1081,Plate,192.34,CMO05,Hyderabad,1600,2024-06-18,2024-06-21,3,Medium,Road,369292.8,15000,Pending
ORD1082,CR Coil,460.09,CMO01,Delhi,1200,2024-03-07,2024-03-16,9,Medium,Rail,662529.6,15000,Pending
ORD1083,Wire Rod,1018.4,CMO03,Chennai,2100,2024-04-17,2024-04-24,7,Medium,Road,2566368.0,15000,Pending
ORD1084,HR Coil,175.48,CMO03,Chennai,2100,2024-02-27,2024-03-11,13,Low,Rail,442209.6,5000,Pending
ORD1085,HR Coil,783.47,CMO02,Mumbai,1800,2024-02-21,2024-02-24,3,High,Rail,1692295.2,30000,Dispatched
ORD1086,HR Coil,869.41,CMO05,Hyderabad,1600,2024-02-25,2024-03-06,10,Low,Rail,1669267.2,5000,Pending
ORD1087,Plate,1001.23,CMO06,Ahmedabad,1900,2024-01-30,2024-02-14,15,Low,Rail,2282804.4,5000,Pending
ORD1088,HR Coil,1098.83,CMO03,Chennai,2100,2024-05-27,2024-06-09,13,Medium,Road,2769051.6,15000,Pending
ORD1089,CR Coil,1013.63,CMO01,Delhi,1200,2024-05-31,2024-06-14,14,High,Rail,1459627.2,30000,Dispatched
ORD1090,TMT Bar,986.08,CMO07,Pune,1750,2024-06-24,2024-07-06,12,Low,Rail,2070768.0,5000,Pending
ORD1091,HR Coil,827.67,CMO03,Chennai,2100,2024-05-16,2024-05-25,9,Critical,Rail,2085728.4,50000,Dispatched
ORD1092,HR Coil,216.09,CMO07,Pune,1750,2024-04-17,2024-04-27,10,Low,Rail,453789.0,5000,Pending
ORD1093,Semis,293.75,CMO04,Kolkata,350,2024-02-09,2024-02-18,9,Medium,Rail,123375.0,15000,Pending
ORD1094,Plate,631.85,CMO07,Pune,1750,2024-05-17,2024-06-01,15,Medium,Road,1326885.0,15000,Pending
ORD1095,TMT Bar,406.82,CMO03,Chennai,2100,2024-03-03,2024-03-07,4,Medium,Road,1025186.4,15000,Pending
ORD1096,Plate,470.04,CMO05,Hyderabad,1600,2024-06-20,2024-06-29,9,Medium,Rail,902476.8,15000,Pending
ORD1097,Wire Rod,384.19,CMO02,Mumbai,1800,2024-03-31,2024-04-15,15,High,Rail,829850.4,30000,Pending
ORD1098,TMT Bar,1142.87,CMO05,Hyderabad,1600,2024-01-03,2024-01-14,11,Critical,Road,2194310.4,50000,Pending
ORD1099,Wire Rod,623.7,CMO05,Hyderabad,1600,2024-03-02,2024-03-16,14,Medium,Rail,1197504.0,15000,Pending
ORD1100,HR Coil,544.84,CMO01,Delhi,1200,2024-03-16,2024-03-22,6,High,Rail,784569.6,30000,Dispatched
ORD1101,TMT Bar,478.13,CMO04,Kolkata,350,2024-05-21,2024-06-01,11,Low,Rail,200814.6,5000,Pending
ORD1102,TMT Bar,437.29,CMO06,Ahmedabad,1900,2024-04-26,2024-05-03,7,High,Road,997021.2,30000,Pending
ORD1103,TMT Bar,859.18,CMO01,Delhi,1200,2024-05-17,2024-06-01,15,High,Road,1237219.2,30000,Pending
ORD1104,TMT Bar,677.1,CMO06,Ahmedabad,1900,2024-05-30,2024-06-14,15,High,Rail,1543788.0,30000,Pending
ORD1105,CR Coil,297.39,CMO03,Chennai,2100,2024-02-28,2024-03-07,8,Critical,Rail,749422.8,50000,Dispatched
ORD1106,TMT Bar,421.35,CMO01,Delhi,1200,2024-01-14,2024-01-25,11,Low,Rail,606744.0,5000,Pending
ORD1107,Semis,731.47,CMO04,Kolkata,350,2024-01-27,2024-01-30,3,Medium,Rail,307217.4,15000,Pending
ORD1108,CR Coil,225.5,CMO01,Delhi,1200,2024-03-05,2024-03-15,10,Critical,Rail,324720.0,50000,Dispatched
ORD1109,Plate,266.9,CMO06,Ahmedabad,1900,2024-06-24,2024-06-27,3,Low,Road,608532.0,5000,Pending
ORD1110,HR Coil,940.89,CMO02,Mumbai,1800,2024-01-31,2024-02-11,11,Medium,Road,2032322.4,15000,Pending
ORD1111,CR Coil,595.57,CMO07,Pune,1750,2024-05-13,2024-05-22,9,Medium,Road,1250697.0,15000,Pending
ORD1112,Wire Rod,166.25,CMO03,Chennai,2100,2024-05-25,2024-06-06,12,Low,Rail,418950.0,5000,Pending
ORD1113,Semis,391.11,CMO02,Mumbai,1800,2024-06-09,2024-06-15,6,Critical,Rail,844797.6,50000,Pending
ORD1114,Plate,549.37,CMO01,Delhi,1200,2024-02-10,2024-02-13,3,Medium,Rail,791092.8,15000,Pending
ORD1115,HR Coil,410.99,CMO02,Mumbai,1800,2024-03-14,2024-03-28,14,Low,Rail,887738.4,5000,Pending
ORD1116,CR Coil,827.3,CMO03,Chennai,2100,2024-06-09,2024-06-21,12,Low,Rail,2084796.0,5000,Pending
ORD1117,Plate,1099.25,CMO02,Mumbai,1800,2024-06-14,2024-06-19,5,Low,Rail,2374380.0,5000,Pending
ORD1118,CR Coil,923.85,CMO07,Pune,1750,2024-03-19,2024-03-31,12,Medium,Rail,1940085.0,15000,Pending
ORD1119,HR Coil,869.71,CMO04,Kolkata,350,2024-06-25,2024-07-02,7,Low,Rail,365278.2,5000,Pending
ORD1120,Wire Rod,143.85,CMO04,Kolkata,350,2024-01-21,2024-02-02,12,Medium,Rail,60417.0,15000,Pending
ORD1121,TMT Bar,1158.1,CMO01,Delhi,1200,2024-01-24,2024-01-30,6,Low,Rail,1667664.0,5000,Pending
ORD1122,HR Coil,733.87,CMO07,Pune,1750,2024-06-21,2024-06-28,7,Low,Rail,1541127.0,5000,Pending
ORD1123,Plate,299.64,CMO06,Ahmedabad,1900,2024-04-23,2024-04-30,7,Medium,Rail,683179.2,15000,Pending
ORD1124,Wire Rod,549.18,CMO01,Delhi,1200,2024-04-30,2024-05-08,8,High,Rail,790819.2,30000,Pending
ORD1125,CR Coil,645.02,CMO03,Chennai,2100,2024-04-15,2024-04-29,14,Medium,Rail,1625450.4,15000,Pending
ORD1126,Semis,196.87,CMO05,Hyderabad,1600,2024-01-10,2024-01-20,10,High,Rail,377990.4,30000,Pending
ORD1127,Semis,823.43,CMO04,Kolkata,350,2024-05-11,2024-05-14,3,Medium,Rail,345840.6,15000,Pending
ORD1128,CR Coil,932.09,CMO05,Hyderabad,1600,2024-04-02,2024-04-14,12,Medium,Road,1789612.8,15000,Pending
ORD1129,CR Coil,1120.44,CMO03,Chennai,2100,2024-05-20,2024-05-25,5,Medium,Rail,2823508.8,15000,Pending
ORD1130,HR Coil,979.25,CMO01,Delhi,1200,2024-06-10,2024-06-22,12,Medium,Rail,1410120.0,15000,Pending
ORD1131,HR Coil,347.17,CMO05,Hyderabad,1600,2024-04-14,2024-04-18,4,Low,Rail,666566.4,5000,Pending
ORD1132,HR Coil,1125.92,CMO06,Ahmedabad,1900,2024-02-09,2024-02-19,10,High,Road,2567097.6,30000,Pending
ORD1133,Wire Rod,368.1,CMO07,Pune,1750,2024-05-03,2024-05-13,10,Medium,Rail,773010.0,15000,Pending
ORD1134,Plate,403.87,CMO05,Hyderabad,1600,2024-02-04,2024-02-08,4,Low,Rail,775430.4,5000,Pending
ORD1135,Semis,411.12,CMO05,Hyderabad,1600,2024-03-09,2024-03-12,3,High,Rail,789350.4,30000,Pending
ORD1136,Structurals,692.44,CMO04,Kolkata,350,2024-02-08,2024-02-18,10,High,Rail,290824.8,30000,Pending
ORD1137,Plate,1056.56,CMO04,Kolkata,350,2024-04-26,2024-05-04,8,Low,Rail,443755.2,5000,Pending
ORD1138,Wire Rod,449.99,CMO02,Mumbai,1800,2024-04-15,2024-04-18,3,Medium,Road,971978.4,15000,Pending
ORD1139,Wire Rod,1002.82,CMO04,Kolkata,350,2024-06-18,2024-07-03,15,Low,Rail,421184.4,5000,Pending
ORD1140,HR Coil,465.19,CMO02,Mumbai,1800,2024-05-08,2024-05-20,12,High,Road,1004810.4,30000,Dispatched
ORD1141,HR Coil,894.69,CMO05,Hyderabad,1600,2024-04-26,2024-04-29,3,Medium,Rail,1717804.8,15000,Pending
ORD1142,CR Coil,1166.12,CMO01,Delhi,1200,2024-04-30,2024-05-15,15,High,Rail,1679212.8,30000,Dispatched
ORD1143,Structurals,1045.28,CMO01,Delhi,1200,2024-03-25,2024-04-07,13,Medium,Rail,1505203.2,15000,Pending
ORD1144,Structurals,139.49,CMO07,Pune,1750,2024-05-04,2024-05-15,11,Critical,Rail,292929.0,50000,Pending
ORD1145,TMT Bar,1176.17,CMO02,Mumbai,1800,2024-01-24,2024-02-02,9,Low,Road,2540527.2,5000,Pending
ORD1146,HR Coil,429.41,CMO04,Kolkata,350,2024-02-12,2024-02-26,14,Critical,Rail,180352.2,50000,Dispatched
ORD1147,HR Coil,573.76,CMO03,Chennai,2100,2024-04-01,2024-04-09,8,High,Rail,1445875.2,30000,Dispatched
ORD1148,Structurals,292.58,CMO07,Pune,1750,2024-02-16,2024-02-21,5,Medium,Rail,614418.0,15000,Pending
ORD1149,Structurals,257.43,CMO02,Mumbai,1800,2024-05-07,2024-05-19,12,Medium,Rail,556048.8,15000,Pending
ORD1150,TMT Bar,611.78,CMO06,Ahmedabad,1900,2024-01-03,2024-01-18,15,High,Rail,1394858.4,30000,Pending
ORD1151,HR Coil,429.07,CMO04,Kolkata,350,2024-03-29,2024-04-10,12,Low,Rail,180209.4,5000,Pending
ORD1152,Wire Rod,1199.31,CMO07,Pune,1750,2024-03-18,2024-03-24,6,Low,Rail,2518551.0,5000,Pending
ORD1153,Wire Rod,425.46,CMO05,Hyderabad,1600,2024-04-01,2024-04-13,12,Medium,Rail,816883.2,15000,Pending
ORD1154,Semis,108.91,CMO06,Ahmedabad,1900,2024-04-11,2024-04-18,7,Low,Road,248314.8,5000,Pending
ORD1155,HR Coil,953.32,CMO05,Hyderabad,1600,2024-05-07,2024-05-14,7,High,Road,1830374.4,30000,Dispatched
ORD1156,CR Coil,375.69,CMO06,Ahmedabad,1900,2024-02-18,2024-03-01,12,Low,Road,856573.2,5000,Pending
ORD1157,Structurals,206.88,CMO07,Pune,1750,2024-02-05,2024-02-18,13,Medium,Rail,434448.0,15000,Pending
ORD1158,Semis,501.35,CMO04,Kolkata,350,2024-01-09,2024-01-21,12,High,Road,210567.0,30000,Pending
ORD1159,TMT Bar,320.87,CMO06,Ahmedabad,1900,2024-04-16,2024-04-21,5,Low,Road,731583.6,5000,Pending
ORD1160,TMT Bar,1013.52,CMO05,Hyderabad,1600,2024-05-08,2024-05-15,7,High,Road,1945958.4,30000,Pending
ORD1161,Wire Rod,1057.44,CMO07,Pune,1750,2024-03-16,2024-03-30,14,Low,Rail,2220624.0,5000,Pending
ORD1162,HR Coil,896.64,CMO02,Mumbai,1800,2024-02-27,2024-03-11,13,Low,Road,1936742.4,5000,Pending
ORD1163,Semis,969.75,CMO05,Hyderabad,1600,2024-04-03,2024-04-07,4,Critical,Rail,1861920.0,50000,Pending
ORD1164,Wire Rod,839.57,CMO03,Chennai,2100,2024-06-21,2024-07-05,14,Medium,Road,2115716.4,15000,Pending
ORD1165,TMT Bar,618.62,CMO01,Delhi,1200,2024-06-21,2024-06-27,6,Medium,Road,890812.8,15000,Pending
ORD1166,TMT Bar,169.54,CMO05,Hyderabad,1600,2024-02-26,2024-03-10,13,Low,Road,325516.8,5000,Pending
ORD1167,TMT Bar,253.75,CMO06,Ahmedabad,1900,2024-04-14,2024-04-18,4,Low,Rail,578550.0,5000,Pending
ORD1168,Wire Rod,1075.99,CMO01,Delhi,1200,2024-01-25,2024-01-31,6,High,Rail,1549425.6,30000,Pending
ORD1169,Structurals,561.04,CMO06,Ahmedabad,1900,2024-06-27,2024-07-08,11,Medium,Rail,1279171.2,15000,Pending
ORD1170,Wire Rod,777.22,CMO06,Ahmedabad,1900,2024-01-26,2024-02-05,10,Low,Rail,1772061.6,5000,Pending
ORD1171,Structurals,589.17,CMO03,Chennai,2100,2024-02-25,2024-03-06,10,High,Rail,1484708.4,30000,Pending
ORD1172,Structurals,494.54,CMO03,Chennai,2100,2024-05-19,2024-06-01,13,Medium,Rail,1246240.8,15000,Pending
ORD1173,HR Coil,829.05,CMO07,Pune,1750,2024-04-26,2024-04-30,4,Medium,Rail,1741005.0,15000,Pending
ORD1174,HR Coil,1187.7,CMO01,Delhi,1200,2024-03-26,2024-04-01,6,Low,Rail,1710288.0,5000,Pending
ORD1175,Semis,745.02,CMO07,Pune,1750,2024-05-21,2024-05-27,6,Low,Rail,1564542.0,5000,Pending
ORD1176,Semis,405.0,CMO02,Mumbai,1800,2024-06-01,2024-06-04,3,Low,Road,874800.0,5000,Pending
ORD1177,Plate,827.16,CMO03,Chennai,2100,2024-02-14,2024-02-18,4,Critical,Rail,2084443.2,50000,Dispatched
ORD1178,Semis,456.15,CMO07,Pune,1750,2024-03-01,2024-03-13,12,High,Rail,957915.0,30000,Pending
ORD1179,Structurals,920.23,CMO04,Kolkata,350,2024-05-14,2024-05-18,4,Medium,Road,386496.6,15000,Pending
ORD1180,Plate,654.22,CMO05,Hyderabad,1600,2024-01-28,2024-02-07,10,Low,Rail,1256102.4,5000,Pending
ORD1181,Semis,431.79,CMO07,Pune,1750,2024-06-17,2024-06-28,11,Medium,Rail,906759.0,15000,Pending
ORD1182,Wire Rod,854.71,CMO07,Pune,1750,2024-04-12,2024-04-21,9,Medium,Road,1794891.0,15000,Pending
ORD1183,HR Coil,263.17,CMO01,Delhi,1200,2024-03-23,2024-04-04,12,High,Rail,378964.8,30000,Pending
ORD1184,Plate,1194.09,CMO05,Hyderabad,1600,2024-03-24,2024-04-02,9,Medium,Rail,2292652.8,15000,Pending
ORD1185,Plate,871.96,CMO04,Kolkata,350,2024-01-26,2024-02-10,15,Low,Rail,366223.2,5000,Pending
ORD1186,Semis,596.71,CMO05,Hyderabad,1600,2024-02-25,2024-03-05,9,High,Rail,1145683.2,30000,Pending
ORD1187,Wire Rod,204.59,CMO04,Kolkata,350,2024-04-16,2024-04-30,14,Medium,Rail,85927.8,15000,Pending
ORD1188,TMT Bar,173.85,CMO02,Mumbai,1800,2024-06-24,2024-07-04,10,Low,Rail,375516.0,5000,Pending
ORD1189,HR Coil,243.13,CMO06,Ahmedabad,1900,2024-04-05,2024-04-20,15,Critical,Road,554336.4,50000,Dispatched
ORD1190,Plate,551.89,CMO03,Chennai,2100,2024-06-20,2024-06-24,4,Low,Road,1390762.8,5000,Pending
ORD1191,Wire Rod,760.45,CMO07,Pune,1750,2024-01-14,2024-01-21,7,Medium,Rail,1596945.0,15000,Pending
ORD1192,CR Coil,346.67,CMO02,Mumbai,1800,2024-06-17,2024-06-27,10,High,Road,748807.2,30000,Pending
ORD1193,TMT Bar,348.78,CMO01,Delhi,1200,2024-03-12,2024-03-24,12,Medium,Rail,502243.2,15000,Pending
ORD1194,Semis,842.47,CMO07,Pune,1750,2024-06-08,2024-06-20,12,Medium,Rail,1769187.0,15000,Pending
ORD1195,Structurals,131.85,CMO07,Pune,1750,2024-06-26,2024-07-03,7,High,Road,276885.0,30000,Pending
ORD1196,TMT Bar,1056.85,CMO03,Chennai,2100,2024-01-02,2024-01-07,5,Medium,Rail,2663262.0,15000,Pending
ORD1197,CR Coil,200.93,CMO06,Ahmedabad,1900,2024-06-11,2024-06-14,3,Medium,Rail,458120.4,15000,Pending
ORD1198,Wire Rod,442.8,CMO03,Chennai,2100,2024-02-10,2024-02-18,8,High,Road,1115856.0,30000,Pending
ORD1199,Plate,273.15,CMO01,Delhi,1200,2024-01-14,2024-01-19,5,Medium,Rail,393336.0,15000,Pending
ORD1200,TMT Bar,634.23,CMO04,Kolkata,350,2024-06-18,2024-06-27,9,Medium,Rail,266376.6,15000,Pending
ORD1201,Semis,572.9,CMO05,Hyderabad,1600,2024-01-30,2024-02-07,8,High,Rail,1099968.0,30000,Pending
ORD1202,Wire Rod,149.96,CMO05,Hyderabad,1600,2024-06-19,2024-06-26,7,Medium,Rail,287923.2,15000,Pending
ORD1203,HR Coil,944.08,CMO02,Mumbai,1800,2024-03-18,2024-03-24,6,Low,Rail,2039212.8,5000,Pending
ORD1204,HR Coil,573.72,CMO01,Delhi,1200,2024-05-07,2024-05-21,14,High,Rail,826156.8,30000,Dispatched
ORD1205,CR Coil,986.82,CMO05,Hyderabad,1600,2024-05-23,2024-06-05,13,Critical,Road,1894694.4,50000,Dispatched
ORD1206,HR Coil,1113.28,CMO04,Kolkata,350,2024-01-05,2024-01-15,10,Low,Rail,467577.6,5000,Pending
ORD1207,Plate,418.47,CMO04,Kolkata,350,2024-06-12,2024-06-21,9,Medium,Road,175757.4,15000,Pending
ORD1208,CR Coil,1015.23,CMO07,Pune,1750,2024-06-07,2024-06-17,10,Low,Rail,2131983.0,5000,Pending
ORD1209,Semis,747.76,CMO01,Delhi,1200,2024-03-03,2024-03-12,9,Medium,Rail,1076774.4,15000,Pending
ORD1210,TMT Bar,466.38,CMO06,Ahmedabad,1900,2024-03-27,2024-04-02,6,High,Rail,1063346.4,30000,Pending
ORD1211,HR Coil,1096.52,CMO05,Hyderabad,1600,2024-05-10,2024-05-16,6,High,Road,2105318.4,30000,Pending
ORD1212,Semis,213.08,CMO06,Ahmedabad,1900,2024-02-07,2024-02-13,6,High,Rail,485822.4,30000,Pending
ORD1213,CR Coil,294.86,CMO07,Pune,1750,2024-06-16,2024-06-20,4,Low,Rail,619206.0,5000,Pending
ORD1214,Semis,849.25,CMO05,Hyderabad,1600,2024-05-28,2024-06-07,10,Low,Rail,1630560.0,5000,Pending
ORD1215,Plate,266.05,CMO03,Chennai,2100,2024-06-09,2024-06-17,8,Critical,Rail,670446.0,50000,Dispatched
ORD1216,TMT Bar,161.79,CMO07,Pune,1750,2024-03-11,2024-03-23,12,Medium,Rail,339759.0,15000,Pending
ORD1217,Wire Rod,1014.87,CMO01,Delhi,1200,2024-01-15,2024-01-23,8,Critical,Road,1461412.8,50000,Pending
ORD1218,Semis,657.77,CMO01,Delhi,1200,2024-06-06,2024-06-18,12,Medium,Rail,947188.8,15000,Pending
ORD1219,Semis,1099.95,CMO06,Ahmedabad,1900,2024-01-11,2024-01-21,10,Medium,Rail,2507886.0,15000,Pending
ORD1220,Plate,1153.49,CMO04,Kolkata,350,2024-05-08,2024-05-13,5,Medium,Road,484465.8,15000,Pending
ORD1221,Semis,810.74,CMO03,Chennai,2100,2024-01-22,2024-02-02,11,Critical,Road,2043064.8,50000,Pending
ORD1222,Wire Rod,274.62,CMO05,Hyderabad,1600,2024-05-13,2024-05-25,12,Medium,Rail,527270.4,15000,Pending
ORD1223,Wire Rod,757.67,CMO07,Pune,1750,2024-03-27,2024-04-09,13,Low,Rail,1591107.0,5000,Pending
ORD1224,HR Coil,846.22,CMO03,Chennai,2100,2024-01-25,2024-02-05,11,High,Road,2132474.4,30000,Dispatched
ORD1225,Structurals,189.65,CMO05,Hyderabad,1600,2024-02-08,2024-02-16,8,Medium,Road,364128.0,15000,Pending
ORD1226,TMT Bar,531.15,CMO06,Ahmedabad,1900,2024-06-27,2024-07-10,13,Medium,Road,1211022.0,15000,Pending
ORD1227,TMT Bar,970.83,CMO05,Hyderabad,1600,2024-04-06,2024-04-19,13,Low,Rail,1863993.6,5000,Pending
ORD1228,Semis,202.8,CMO06,Ahmedabad,1900,2024-06-24,2024-07-05,11,Medium,Rail,462384.0,15000,Pending
ORD1229,HR Coil,1146.29,CMO03,Chennai,2100,2024-03-20,2024-03-25,5,High,Road,2888650.8,30000,Pending
ORD1230,CR Coil,184.88,CMO02,Mumbai,1800,2024-02-05,2024-02-10,5,Low,Rail,399340.8,5000,Pending
ORD1231,Semis,828.12,CMO05,Hyderabad,1600,2024-05-14,2024-05-17,3,Low,Rail,1589990.4,5000,Pending
ORD1232,Plate,298.93,CMO04,Kolkata,350,2024-02-09,2024-02-14,5,Medium,Rail,125550.6,15000,Pending
ORD1233,CR Coil,551.94,CMO06,Ahmedabad,1900,2024-04-22,2024-04-25,3,Medium,Rail,1258423.2,15000,Pending
ORD1234,Wire Rod,923.39,CMO05,Hyderabad,1600,2024-03-13,2024-03-28,15,Medium,Rail,1772908.8,15000,Pending
ORD1235,TMT Bar,504.63,CMO07,Pune,1750,2024-04-30,2024-05-06,6,Low,Road,1059723.0,5000,Pending
ORD1236,Wire Rod,520.06,CMO07,Pune,1750,2024-03-13,2024-03-28,15,Medium,Road,1092126.0,15000,Pending
ORD1237,Semis,1060.3,CMO02,Mumbai,1800,2024-06-03,2024-06-08,5,Critical,Rail,2290248.0,50000,Pending
ORD1238,TMT Bar,1030.48,CMO05,Hyderabad,1600,2024-01-27,2024-02-10,14,Low,Rail,1978521.6,5000,Pending
ORD1239,Semis,1095.84,CMO02,Mumbai,1800,2024-03-10,2024-03-20,10,High,Rail,2367014.4,30000,Pending
ORD1240,CR Coil,1123.52,CMO07,Pune,1750,2024-04-25,2024-05-03,8,Medium,Rail,2359392.0,15000,Pending
ORD1241,TMT Bar,512.4,CMO02,Mumbai,1800,2024-04-08,2024-04-12,4,Critical,Road,1106784.0,50000,Pending
ORD1242,Semis,970.52,CMO06,Ahmedabad,1900,2024-06-15,2024-06-23,8,High,Rail,2212785.6,30000,Pending
ORD1243,Semis,934.73,CMO04,Kolkata,350,2024-06-27,2024-07-02,5,Medium,Rail,392586.6,15000,Pending
ORD1244,HR Coil,1018.46,CMO01,Delhi,1200,2024-03-06,2024-03-12,6,Medium,Road,1466582.4,15000,Pending
ORD1245,Plate,416.91,CMO04,Kolkata,350,2024-01-29,2024-02-13,15,High,Rail,175102.2,30000,Dispatched
ORD1246,Wire Rod,169.09,CMO06,Ahmedabad,1900,2024-06-08,2024-06-18,10,Low,Rail,385525.2,5000,Pending
ORD1247,Plate,732.55,CMO01,Delhi,1200,2024-06-10,2024-06-21,11,Medium,Rail,1054872.0,15000,Pending
ORD1248,HR Coil,727.73,CMO05,Hyderabad,1600,2024-03-31,2024-04-06,6,High,Rail,1397241.6,30000,Dispatched
ORD1249,Plate,698.49,CMO03,Chennai,2100,2024-01-18,2024-01-29,11,Low,Rail,1760194.8,5000,Pending
ORD1250,HR Coil,799.24,CMO04,Kolkata,350,2024-04-30,2024-05-03,3,Low,Rail,335680.8,5000,Pending
ORD1251,HR Coil,365.24,CMO03,Chennai,2100,2024-01-18,2024-01-26,8,Medium,Rail,920404.8,15000,Pending
ORD1252,Plate,148.77,CMO06,Ahmedabad,1900,2024-03-26,2024-03-31,5,Medium,Road,339195.6,15000,Pending
ORD1253,CR Coil,1178.9,CMO07,Pune,1750,2024-06-24,2024-07-04,10,Medium,Rail,2475690.0,15000,Pending
ORD1254,CR Coil,422.79,CMO01,Delhi,1200,2024-04-27,2024-04-30,3,Critical,Rail,608817.6,50000,Dispatched
ORD1255,HR Coil,538.05,CMO03,Chennai,2100,2024-03-20,2024-03-31,11,Low,Rail,1355886.0,5000,Pending
ORD1256,HR Coil,414.72,CMO07,Pune,1750,2024-06-14,2024-06-20,6,Low,Rail,870912.0,5000,Pending
ORD1257,Structurals,979.28,CMO03,Chennai,2100,2024-03-10,2024-03-14,4,Medium,Rail,2467785.6,15000,Pending
ORD1258,Wire Rod,645.82,CMO04,Kolkata,350,2024-03-27,2024-04-01,5,Medium,Road,271244.4,15000,Pending
ORD1259,Plate,566.95,CMO03,Chennai,2100,2024-01-22,2024-02-05,14,Medium,Road,1428714.0,15000,Pending
ORD1260,CR Coil,212.86,CMO05,Hyderabad,1600,2024-03-16,2024-03-24,8,High,Rail,408691.2,30000,Pending
ORD1261,Wire Rod,858.74,CMO05,Hyderabad,1600,2024-04-19,2024-04-24,5,Medium,Rail,1648780.8,15000,Pending
ORD1262,Semis,402.01,CMO03,Chennai,2100,2024-06-06,2024-06-15,9,Low,Road,1013065.2,5000,Pending
ORD1263,HR Coil,499.64,CMO06,Ahmedabad,1900,2024-06-12,2024-06-21,9,Low,Rail,1139179.2,5000,Pending
ORD1264,HR Coil,959.44,CMO02,Mumbai,1800,2024-06-04,2024-06-17,13,Critical,Rail,2072390.4,50000,Dispatched
ORD1265,Semis,521.14,CMO06,Ahmedabad,1900,2024-04-03,2024-04-11,8,Medium,Rail,1188199.2,15000,Pending
ORD1266,Structurals,588.33,CMO04,Kolkata,350,2024-04-04,2024-04-12,8,Critical,Rail,247098.6,50000,Pending
ORD1267,TMT Bar,406.56,CMO04,Kolkata,350,2024-03-21,2024-04-03,13,Low,Rail,170755.2,5000,Pending
ORD1268,CR Coil,1104.9,CMO04,Kolkata,350,2024-05-12,2024-05-21,9,High,Road,464058.0,30000,Dispatched
ORD1269,Structurals,414.13,CMO04,Kolkata,350,2024-02-24,2024-03-07,12,Low,Rail,173934.6,5000,Pending
ORD1270,HR Coil,289.92,CMO02,Mumbai,1800,2024-01-19,2024-01-29,10,Medium,Road,626227.2,15000,Pending
ORD1271,Semis,482.17,CMO06,Ahmedabad,1900,2024-03-22,2024-04-04,13,Critical,Rail,1099347.6,50000,Pending
ORD1272,TMT Bar,880.52,CMO07,Pune,1750,2024-02-10,2024-02-24,14,Medium,Rail,1849092.0,15000,Pending
ORD1273,TMT Bar,1183.65,CMO05,Hyderabad,1600,2024-02-27,2024-03-02,4,Low,Rail,2272608.0,5000,Pending
ORD1274,Wire Rod,729.51,CMO01,Delhi,1200,2024-04-02,2024-04-13,11,Medium,Road,1050494.4,15000,Pending
ORD1275,CR Coil,440.22,CMO05,Hyderabad,1600,2024-01-23,2024-01-27,4,Low,Road,845222.4,5000,Pending
ORD1276,Plate,181.13,CMO04,Kolkata,350,2024-04-14,2024-04-26,12,Low,Rail,76074.6,5000,Pending
ORD1277,Wire Rod,478.97,CMO04,Kolkata,350,2024-06-23,2024-07-04,11,Low,Road,201167.4,5000,Pending
ORD1278,Structurals,1162.89,CMO05,Hyderabad,1600,2024-02-16,2024-03-02,15,Medium,Road,2232748.8,15000,Pending
ORD1279,HR Coil,268.32,CMO07,Pune,1750,2024-02-01,2024-02-12,11,High,Rail,563472.0,30000,Pending
ORD1280,Structurals,1084.42,CMO02,Mumbai,1800,2024-03-29,2024-04-09,11,Low,Rail,2342347.2,5000,Pending
ORD1281,Structurals,787.52,CMO05,Hyderabad,1600,2024-03-11,2024-03-16,5,Medium,Rail,1512038.4,15000,Pending
ORD1282,Structurals,269.61,CMO02,Mumbai,1800,2024-05-31,2024-06-12,12,Medium,Road,582357.6,15000,Pending
ORD1283,Plate,1007.76,CMO03,Chennai,2100,2024-05-24,2024-05-27,3,Critical,Rail,2539555.2,50000,Dispatched
ORD1284,Structurals,816.24,CMO07,Pune,1750,2024-05-27,2024-06-03,7,Low,Rail,1714104.0,5000,Pending
ORD1285,Structurals,700.14,CMO01,Delhi,1200,2024-05-07,2024-05-20,13,Medium,Rail,1008201.6,15000,Pending
ORD1286,CR Coil,427.18,CMO07,Pune,1750,2024-06-24,2024-07-03,9,Critical,Rail,897078.0,50000,Dispatched
ORD1287,Wire Rod,324.43,CMO04,Kolkata,350,2024-05-03,2024-05-13,10,Medium,Rail,136260.6,15000,Pending
ORD1288,Structurals,243.84,CMO03,Chennai,2100,2024-03-29,2024-04-07,9,Medium,Rail,614476.8,15000,Pending
ORD1289,TMT Bar,394.22,CMO02,Mumbai,1800,2024-04-29,2024-05-03,4,High,Rail,851515.2,30000,Pending
ORD1290,TMT Bar,373.1,CMO04,Kolkata,350,2024-06-06,2024-06-15,9,Low,Rail,156702.0,5000,Pending
ORD1291,TMT Bar,939.43,CMO05,Hyderabad,1600,2024-03-21,2024-03-27,6,Medium,Rail,1803705.6,15000,Pending
ORD1292,Wire Rod,199.05,CMO03,Chennai,2100,2024-05-07,2024-05-10,3,Medium,Rail,501606.0,15000,Pending
ORD1293,CR Coil,153.52,CMO02,Mumbai,1800,2024-05-29,2024-06-06,8,High,Rail,331603.2,30000,Pending
ORD1294,Semis,414.32,CMO06,Ahmedabad,1900,2024-06-21,2024-07-01,10,Critical,Rail,944649.6,50000,Pending
ORD1295,CR Coil,543.58,CMO03,Chennai,2100,2024-04-03,2024-04-18,15,Critical,Rail,1369821.6,50000,Dispatched
ORD1296,Plate,417.46,CMO02,Mumbai,1800,2024-04-02,2024-04-13,11,Medium,Rail,901713.6,15000,Pending
ORD1297,Plate,772.15,CMO03,Chennai,2100,2024-06-08,2024-06-21,13,High,Rail,1945818.0,30000,Dispatched
ORD1298,TMT Bar,1132.84,CMO07,Pune,1750,2024-03-27,2024-04-07,11,Low,Rail,2378964.0,5000,Pending
ORD1299,Plate,149.83,CMO04,Kolkata,350,2024-05-08,2024-05-11,3,High,Rail,62928.6,30000,Pending
